keyword,language,topic,topicColor,keywordColor,limitPages,ratioNew
'Kinder',de,Gesundheit,#b35900,#ffcc99,3,0.2213713258262889
'Gas',de,Energie,#33cc33,#99e699,3,0.1847100480984822
'Kälte',de,Winter,#3399ff,#cce6ff,3,0.1755902481168207
'Spritpreise',de,Politik,#cc33ff,#f9e6ff,3,0.1607766410814185
'Hochwasser',de,Winter,#3399ff,#0059b3,3,0.1390267662333442
'Kohle',de,Energie,#33cc33,#1f7a1f,3,0.1389531463569277
'Winter',de,Winter,#3399ff,#003366,3,0.1376529204182395
'Schimmel',de,Gesundheit,#b35900,#b35900,3,0.1291820026372795
'Energiekosten',de,Politik,#cc33ff,#f9e6ff,3,0.12894912439966708
'Heizkosten',de,Politik,#cc33ff,#990099,3,0.1274290026126767
'Blackout',de,Energie,#33cc33,#55ff00,3,0.1213347959232898
'Rohöl',de,Energie,#33cc33,#99e699,3,0.1089721384287137
'Schnee',de,Winter,#3399ff,#66d9ff,3,0.1038746622493781
'ältere Menschen',de,Gesundheit,#b35900,#ff8c1a,3,0.0903992642213824
'Glatteis',de,Winter,#3399ff,#0086b3,1,0.0828032294594815
'Energiepauschale',de,Politik,#cc33ff,#ff4dff,1,0.043792820773513
'Black Out',de,Energie,#33cc33,#55ff00,1,0.0240517342726952
