index,url,valid,domain,title,description,image,published,archive,content,quote,language,keyword
https://www.zeit.de/news/2026-08/01/mehr-kinder-werden-opfer-von-gewalt,https://www.zeit.de/news/2026-08/01/mehr-kinder-werden-opfer-von-gewalt,0,www.zeit.de,Kriminalitätsstatistik: Mehr Kinder werden Opfer von Gewalt,Hier finden Sie Informationen zu dem Thema „Kriminalitätsstatistik“. Lesen Sie jetzt „Mehr Kinder werden Opfer von Gewalt“.,https://img.zeit.de/news/2026-08/01/mehr-kinder-werden-opfer-von-gewalt-image-group/wide__1300x731,2026-08-01T02:30:06Z,,Die Zahl der Kinder unter Gewaltopfern ist in den vergangenen Jahren in Niedersachsen gestiegen. Das geht aus einer Antwort des Niedersächsischen Justizministeriums auf eine Kleine Anfrage der CDU he… [+2369 chars],,de,'Kinder'
https://pypi.org/project/wsl-envidat-mcp/0.2.5/,https://pypi.org/project/wsl-envidat-mcp/0.2.5/,0,pypi.org,wsl-envidat-mcp 0.2.5,"MCP-Server für WSL/EnviDat – Umweltforschungs- und Monitoringdaten der Eidg. Forschungsanstalt für Wald, Schnee und Landschaft",,2026-08-02T21:46:05Z,,"A required part of this site couldnt load. This may be due to a browser
 extension, network issues, or browser settings. Please check your
 connection, disable any ad blockers, or try using a diffe… [+12 chars]",,de,'Schnee'
https://www.zeit.de/news/2026-08/03/speedweek-startet-was-autofahrer-beachten-muessen,https://www.zeit.de/news/2026-08/03/speedweek-startet-was-autofahrer-beachten-muessen,0,www.zeit.de,Runter vom Gas: Speedweek startet - Was Autofahrer beachten müssen,Hier finden Sie Informationen zu dem Thema „Runter vom Gas“. Lesen Sie jetzt „Speedweek startet - Was Autofahrer beachten müssen“.,https://img.zeit.de/news/2026-08/03/speedweek-startet-was-autofahrer-beachten-muessen-image-group/wide__1300x731,2026-08-03T02:00:30Z,,"Vorsicht, Blitzermarathon: In Baden-Württemberg beginnt heute die sogenannte Speedweek. Bis Sonntag kontrolliert die Polizei mitten in den Sommerferien verstärkt die Geschwindigkeit. Wer also häufig … [+2022 chars]",,de,'Gas'
https://www.ibiza-heute.de/drei-feiertage-und-eine-eklipse/,https://www.ibiza-heute.de/drei-feiertage-und-eine-eklipse/,0,www.ibiza-heute.de,Drei Feiertage und eine Eklipse,"Die erste August-Hälfte ist gespickt mit Ausnahme-Tagen. Am Mittwoch, 5. August, wird die Schutzpatronin Ibizas und Formenteras gefeiert: Santa María de las Nieves (Unsere Liebe Frau vom Schnee). Auf beiden Inseln ist richtiger Feiertag. Banken und Ämter blei…",https://www.ibiza-heute.de/wp-content/uploads/2026/08/kl-feuerwerk-eivissa-ruediger-eichhorn.jpg,2026-08-03T10:00:40Z,,"Mit den Festes de la Terra (Festtage der Insel) feiert Eivissa jedes Jahr seine beiden Schutzheiligen die Mare de Déu de les Neus (Unsere Liebe Frau vom Schnee), Schutzpatronin Ibizas und Formenteras… [+3322 chars]",,de,'Schnee'
https://www.derstandard.de/story/3000000333972/melancholie-am-parkett-etwas-jazz-die-warnung-vor-gelbem-schnee,https://www.derstandard.de/story/3000000333972/melancholie-am-parkett-etwas-jazz-die-warnung-vor-gelbem-schnee,0,www.derstandard.de,"Melancholie am Parkett, etwas Jazz, die Warnung vor gelbem Schnee","Neuauflagen alter Pop- und Jazz-Herrlichkeiten: New Order schwingen das Tanzbein, Frank Zappa weckt Appetit, Bix Beiderbecke erfindet die Nachdenklichkeit",https://i.ds.at/K9t7yw/rs:fill:1200:600/plain/lido-images/2026/08/03/548a6c7c-6d2b-4f9e-8e37-9d22af9eb26b.jpg,2026-08-03T11:00:00Z,,"Sie entscheiden darüber, wie Sie unsere Inhalte nutzen wollen. Ihr Gerät erlaubt uns derzeit leider nicht, die entsprechenden Optionen anzuzeigen.
Bitte deaktivieren Sie sämtliche Hard- und Software… [+180 chars]",,de,'Schnee'
https://www.faz.net/aktuell/wissen/geist-soziales/goethes-schneetheologie-201047321.html,https://www.faz.net/aktuell/wissen/geist-soziales/goethes-schneetheologie-201047321.html,0,www.faz.net,"Goethes „Niphotheologie“: Dem Schnee, dem Segen","Von den naturwissenschaftlichen Gottesbeweisen wollte Goethe die sehr entlegenen aus dem Blitz und dem Schnee retten, im Namen des Gefühls. Eine Spur von Goethes Niphotheologie führt zu Robert Musil.",https://media0.faz.net/image/w1200h627/5eaf4527e691/w698h364x35y161o/202607/cdfc2a76-b679-4d55-86a7-ba7fad0b4abf/als-goethe-im-juli-1775-die.webp,2026-08-03T19:49:33Z,,Eine aus dem Nachlass veröffentlichte Reflexion Goethes ist dem Problem der Gottesbeweise gewidmet. Den teleologischen Beweis vom Dasein Gottes hat die kritische Vernunft beseitigt; wir lassen es uns… [+4967 chars],,de,'Schnee'
