week,sentiment_mean,sentiment_std,subjectivity_mean,subjectivity_std,counting
0000-00,0.0,0.0,0.0,0.0,18.0
2022-04,1.1078916377065684,1.0,-0.6007708449739405,1.0,1.0
2022-05,-0.0098457648336192,0.2963144319154141,-0.5007291658692055,0.15491424748055524,3.0
2022-08,-0.12252727964025117,1.0,-0.6007708449739405,1.0,1.0
2022-10,0.8610778708464356,0.10046521642937789,-0.6626698411417062,0.08753839987773453,2.0
2022-13,-0.398306651078561,1.0,-0.4201008058596034,1.0,1.0
2022-16,-1.0638491248200324,1.0,-0.5,1.0,1.0
2022-17,0.24302387063836284,1.3788671141410798,-0.4111432394306458,0.12566243590571965,2.0
2022-18,-0.4125133714956501,1.0,-0.9664093980354341,1.0,1.0
2022-21,0.5083283419580977,0.21738154845602448,0.3717261424887985,1.59562019136335,2.0
2022-24,-0.4601212848058984,1.1790630842546541,-0.756547715022403,1.0,3.0
2022-25,0.09323026903547421,0.4942977286980823,-0.6914564595537226,0.11274136160020005,3.0
2022-26,0.05302775201145967,0.5166159260609542,-0.5303443091904558,0.1784429206357789,4.0
2022-27,-0.6220562343799457,1.1428820224738394,0.04014379247272266,1.0120567811109409,12.0
2022-28,-0.07992661579704342,1.2561835944192759,-0.5320413380731173,0.2875117976481202,7.0
2022-29,-0.40172343267966293,0.6613912449547277,-0.5873214808341458,0.18387857446577258,5.0
2022-30,-0.17325678591656155,0.6262696058524453,0.5642006908717597,1.8810144324391869,6.0
2022-31,-0.3364399277322597,0.41881315385995593,-0.4588454772265244,0.3680764308234094,4.0
2022-32,-0.1531313544732484,0.7160830032124953,-0.38618725461120623,0.5750717405402374,6.0
2022-34,0.23149878323587694,0.82481752136455,0.010245641287001095,1.0265737721390435,5.0
2022-35,0.369659924994377,1.1560619127495853,-0.1628822869307933,0.6418375938975385,4.0
2022-36,-0.6103932071228574,0.9859582279826077,-0.377458756907865,0.5570494538863768,7.0
2022-37,-0.4955765331341788,1.8296646861577548,-0.40194896877964825,0.1379794799960373,3.0
2022-38,-0.29315830406819265,0.9098532900547297,-0.5149963063596495,0.19107964092823795,12.0
2022-39,0.03840247078955283,0.9723421202686313,-0.047689325653455725,0.9543842522088407,67.0
2022-40,0.09250152934746178,0.8848560013094535,0.07555029197926089,1.0736686807400533,75.0
2022-41,0.17504659399036174,1.0371743343174313,-0.02308430861716248,1.099998039395581,161.0
2022-42,0.05646780114232607,0.9720193701641896,0.0011577687937506652,0.9452227280678053,194.0
2022-43,0.024937660067981954,0.8727536805769434,0.10154676314823889,1.121020968810292,184.0
2022-44,0.09962948484940864,0.9317500686508714,0.07522148807770233,1.073026924014596,210.0
2022-45,0.015456178786823371,0.951319193734313,0.130304836749478,1.0871705492916426,195.0
2022-46,0.04683369001930451,0.9021692886817516,-0.09546663770065598,0.8853423130809704,280.0
2022-47,0.014104094161666686,0.9835377030535639,-0.030448557953648862,0.9525994921550711,353.0
2022-48,-0.013032083270193668,0.9721035168180029,-0.0726030963456109,0.8734358743956806,276.0
2022-49,0.09312184908030562,0.9187585572168665,0.03903352182466388,1.0828128992892216,222.0
2022-50,0.015005652792385124,0.9834008509637088,-0.020923046911127525,0.9552935473758669,362.0
2022-51,-0.023595269059126702,0.9813365395111129,-0.05663017161828632,0.8889089928042072,329.0
2022-52,-0.005426349496966476,0.8148704877994738,0.09671376376913239,1.0850206077811853,147.0
2023-00,0.3254240954895172,0.8719775956595233,-0.2054660552432866,0.7945776877575159,24.0
2023-01,-0.03180376847007,0.95934303165836,0.1647014808735243,1.0919043813756208,188.0
2023-02,0.13562675513983677,0.909991114255505,-0.025437513560590944,1.0070730913658361,189.0
2023-03,0.13926085921285758,0.8596817801321703,-0.14254668078837776,0.8056824932608259,174.0
2023-04,-0.038932330779657034,1.0008830540101055,0.025912589333145348,1.0432891945380605,167.0
2023-05,-0.004955689769762802,0.9104839207480657,0.08682954961213585,1.102002865579662,155.0
2023-06,0.030704147302289368,0.851876267383601,0.17841928346965336,1.1371811938067093,128.0
2023-07,-0.08847922839816653,0.9243047700265011,-0.06771546709741055,0.9338931169650441,170.0
2023-08,0.11573539799869731,1.0231614248728989,0.1436350608445998,1.1193294917768453,169.0
2023-09,0.03087152489763354,0.8689155251844816,-0.04191294747331746,0.9401124384684139,203.0
2023-10,0.05241110675506518,0.9385317288031169,0.040198214764025506,1.1375551787385692,197.0
2023-11,-0.08382415405497268,1.0915478567596941,-0.19441959462489064,0.7640567986111328,168.0
2023-12,-0.12813417191040755,0.8930450274045632,0.09024974067270199,1.0833478533216612,104.0
2023-13,-0.051485870145589,0.8710681861972804,-0.08675012853257394,0.9068210385402964,124.0
2023-14,0.15819347395097286,0.8351452374970194,0.12626581649122867,1.1277818398294397,102.0
2023-15,-0.06617389783354409,0.8574249816920843,-0.03165449788263234,0.9269583271590306,99.0
2023-16,-0.08382648304605084,0.8121667551825,-0.14140705639360632,0.8469852655831177,158.0
2023-17,0.1355936442443404,0.9786089849383639,-0.03610490000614572,0.9764302543718529,119.0
2023-18,-0.23422141651624573,0.9949623914644943,-0.15365957092654234,0.7529280823250433,153.0
2023-19,-0.16249579111350546,0.9943770639714367,-0.31143234115471535,0.605490906998214,148.0
2023-20,0.09926815543333375,1.0546698363629754,-0.1436553250425946,0.7360374486313411,120.0
2023-21,0.27700114788220026,0.9371568672052195,0.06488908534613194,0.9966675236424084,130.0
2023-22,0.10699132537800292,1.0332956089936707,0.15791788216575978,1.2801482610687294,108.0
2023-23,-0.062262075537103445,1.0014983525515402,-0.15995474007023844,0.7370429847849165,96.0
2023-24,-0.10978301407296934,1.0101596607592804,-0.15974387316327532,0.8147479827039423,109.0
2023-25,0.02566235565781297,0.8568737950473907,-0.041882094415132395,0.8765203694407816,114.0
2023-26,-0.09262188289539922,0.9553436233303916,0.11350473969908788,1.1632377021766078,80.0
2023-27,0.1944871237153734,1.1081467727410559,0.00276241476045027,0.8632984660438607,103.0
2023-28,-0.0762552892710454,1.0338418959862647,0.11987201664927637,1.161290696854292,104.0
2023-29,0.1231148121942183,0.8810117315444137,-0.03942513278093355,1.007749259649236,93.0
2023-30,-0.03354329330512691,0.9349608468230526,0.10473897073585006,1.2192690724804716,80.0
2023-31,-0.11607638008362517,1.121845226505812,-0.09173830758227484,0.8509455351809949,110.0
2023-32,-0.007656570622312165,0.9605552377302505,0.03776025942564699,1.0102607328524607,130.0
2023-33,-0.09260006732047982,0.9429392135519621,0.08210806091956972,1.044047174871762,128.0
2023-34,0.11938931413124852,0.8922712742142651,-0.0838472928452464,0.8580914272536113,92.0
2023-35,0.05836334538798422,0.8301795989930355,-0.11876356888899513,0.8700611709523225,130.0
2023-36,0.14766131160387425,0.8644280825115382,0.0082203401789549,0.9937325582422813,86.0
2023-37,-0.09644080213706588,0.9920134645393777,-0.026395001317674343,0.9667097846008483,105.0
2023-38,0.020610880099940967,0.8894402777213848,0.03681575500788075,1.004181553507711,89.0
2023-39,0.12020315521885991,0.9639592922619952,0.008948469835996266,0.9559482774205394,150.0
2023-40,0.03373312280205105,0.9057594166441945,-0.0031121476179266933,1.1187024578490294,102.0
2023-41,0.11503435682082078,0.8457549843005996,0.04191965547945172,1.1202078553225165,146.0
2023-42,0.06653762790865116,0.9193834614674065,-0.1723440454467303,0.8327765223144343,111.0
2023-43,0.007505148697443013,1.1251899710852482,-0.1509240174304931,0.9205303263738654,114.0
2023-44,0.08712392733358855,1.0323627256017547,0.037892077960828115,0.9957459926394272,123.0
2023-45,-0.02685636702478579,1.0243945619838204,0.11050614749645928,1.2346566907953207,110.0
2023-46,0.20619826419829257,0.9786350814019764,0.06296199830077133,0.9041854472163673,118.0
2023-47,0.09224667598796986,1.048737121001332,0.03752862585245468,0.8517898757985962,106.0
2023-48,0.017045038882413335,0.9172389352160937,0.027566244018477137,1.0161098896990386,281.0
2023-49,-0.0007234400388323115,1.0505171324339118,0.04888152489261207,1.0771889868268854,252.0
2023-50,0.00013224867190335493,0.7455285187923572,0.12787712456221403,1.1457297005476075,105.0
2023-51,0.015003372057782094,1.046956487696792,-0.006755192132818005,0.9702038801470896,148.0
2023-52,0.32791748512896535,0.9951278645285373,-0.012317014607387888,1.0447874925187417,113.0
2024-01,0.15179868802930818,0.9044696641529929,-0.04315045209774157,0.9695885791210245,190.0
2024-02,-0.21958036560603733,1.0643180032820743,-0.02801394544172384,0.9713738648129364,166.0
2024-03,0.0553264566719064,1.0508906567220044,-0.007834697242134448,0.9358129420180376,258.0
2024-04,-0.004683839061586107,0.9161503883089781,0.036317726751795974,0.9808004699708961,126.0
2024-05,0.1534231936487402,1.0139370762691795,0.01846449028265773,0.9246552340979639,79.0
2024-06,0.05775628555439696,1.0057665183909055,-0.006336686706566922,1.0837008298675221,149.0
2024-07,0.15820458037205334,0.9336025354851093,0.11554659152001061,1.1583403151501368,104.0
2024-08,0.05899808979207385,1.0170604546825777,0.03060981719906928,1.1056732206918876,94.0
2024-09,0.1504838897352357,1.081796852999791,-0.049337267830996734,0.9880855968560366,158.0
2024-10,0.0788501954459303,1.0142260131117076,-0.11225865408870542,0.7816049661237882,92.0
2024-11,0.15633558615101237,1.1119129768395288,-0.11192529294574702,0.838488502001146,66.0
2024-12,0.1535850313283221,1.1323310743157724,-0.019416887343745325,1.0365635304186633,98.0
2024-13,-0.11445958509065797,1.0992740109138097,-0.05210447327689534,0.9989655609466462,112.0
2024-14,-0.09424305706277185,1.053381795516956,-0.15911291301301617,0.8436407317836948,104.0
2024-15,-0.06721991197297655,0.97024765413449,0.19470371952364496,1.3514449657041183,121.0
2024-16,-0.09813933750840832,0.9542967003392252,0.006532000603866623,1.1253927416826899,144.0
2024-17,-0.02792374298301678,1.1884587055996363,-0.050315903272276384,1.05211454019174,97.0
2024-18,-0.10429984570311505,1.017359662780434,0.0009916193738823795,1.0005806590593458,102.0
2024-19,0.07638835703211432,1.0420527947843055,-0.029179755514176235,1.0413461177542462,75.0
2024-20,0.10575167236212317,0.9320502297910527,0.18551493432330257,1.1783279439581373,142.0
2024-21,-0.08409911613289209,0.9809201398724459,-0.0830514403107287,0.8217929071473016,139.0
2024-22,-0.09139567795319138,1.0545467814925662,0.024378672025771566,1.080310493371864,121.0
2024-23,0.0032654063959263353,0.9727990325891301,-0.030172043705544924,1.012386489779867,209.0
2024-24,0.06712791228816503,1.1064087483433587,0.14995361670076404,1.1260001233157924,129.0
2024-25,-0.131873937095894,1.018682339621003,-0.2175010023583907,0.7259817328360192,89.0
2024-26,-0.019384172999331446,0.9414905066997562,-0.20020766686667593,0.7924062070003768,61.0
2024-27,-0.13455109797616693,1.136608820778763,0.027927867483418693,1.1063495736243623,89.0
2024-28,-0.035570680620437584,0.9282289257520118,0.043724703552136784,1.0881796139936786,98.0
2024-29,0.1079362836466916,1.0698341384683625,-0.09668910484896885,0.8639155993830892,81.0
2024-30,-0.04891606808810794,1.0254728515643714,-0.07588088150777415,0.7892093340934995,91.0
2024-31,-0.2235526691393861,0.9707345293107145,0.007447849902963636,1.0294418039678344,81.0
2024-32,-0.01338647494307418,0.987220829288031,0.03047589872031627,1.1231607786787217,102.0
2024-33,-0.117830834140848,0.9598676115142648,0.15682829592109937,1.1869905925366673,90.0
2024-34,-0.17497294492591187,0.9886176230807128,-0.05239058720653105,0.9740912093022072,69.0
2024-35,0.06183207606758342,1.000841612859679,0.13148407134934903,1.2264307210145753,67.0
2024-36,-0.021893244432068044,0.9999316322751519,0.06414475377170624,1.000966555702082,68.0
2024-37,-0.08456586723018561,0.8562343304691495,0.11895504878535171,1.1926512718439786,118.0
2024-38,0.03282358155369977,1.0573353980648683,-0.06343050257473361,0.9621377226641248,198.0
2024-39,-0.10517725667271795,0.9593934900188739,-0.10098268558052907,0.9631953958883908,133.0
2024-40,-0.1104394663551587,0.9706512310828191,0.11475020026449512,1.0254412143856393,116.0
2024-41,-0.0817479945747395,0.9997304634931428,-0.02203147863818883,1.0084966643259083,113.0
2024-42,0.01055698785320474,0.9766086402327617,0.04077975372703186,1.2267935118105866,131.0
2024-43,0.07660788556754317,0.9588753331151821,0.01811979418862758,0.9158672256738148,145.0
2024-44,0.06501713031704032,0.9021495319947898,0.14908291702624302,1.085889145373855,146.0
2024-45,0.06083294867367031,0.9741559804836751,0.3581270692995323,1.3028917528710477,104.0
2024-46,-0.07479524190493138,0.9002799285817555,0.05339363408385228,0.9971783274206796,91.0
2024-47,0.11382505856736726,1.0260757377490966,0.021287613192941656,1.0831130608236208,224.0
2024-48,0.11455007958098092,1.1013720629725485,-0.023096811429519883,0.8426905708421908,133.0
2024-49,-0.07474480846880496,0.9010875798618546,-0.08125641666457106,0.9904540596573057,145.0
2024-50,-0.06676328709894339,0.8398859599863019,0.09657173615001127,1.0421794419866173,157.0
2024-51,-0.04271064721773644,1.0232996876463223,-0.0017165976064954537,0.975310555890159,242.0
2024-52,-0.18244304036903122,1.0959341330299792,-0.07072577198547744,1.0406412419202244,102.0
2024-53,-0.18560555349854183,0.9518884857353428,-0.2670814075151597,0.8320444229768571,35.0
2025-00,-0.03156889892421841,0.9846703040580698,-0.10679178545042928,0.8890629285492929,167.0
2025-01,-0.0702949544822014,0.9223253986517879,-0.010767252517274497,0.9093575669418502,171.0
2025-02,0.06546372049233173,0.8803869902176709,0.2666530523854645,1.210057036771268,119.0
2025-03,-0.03954657193054818,0.8292959462464301,0.07185300712202632,1.255997178688895,134.0
2025-04,0.04745929934997494,1.0777868069221892,0.03839346512131533,1.067039645303587,138.0
2025-05,0.033810679361741265,0.9723654584209618,0.19930182965024948,1.1429417654550642,148.0
2025-06,0.09481880341794004,0.9681565489539272,0.12087322863674958,1.180584711581274,169.0
2025-07,0.1021024281186944,1.1090812889196346,-0.015334157877697404,1.0384034422584385,99.0
2025-08,-0.20764822013166445,1.2184314322477992,-0.046731958076508734,0.8598116308724384,88.0
2025-09,0.12404273192766294,0.9343552453449029,0.16790368607016623,1.1848836600115797,92.0
2025-10,-0.12306113887183014,0.9569527472387461,0.1774754357917781,1.16111704610996,146.0
2025-11,0.10629711187283196,1.0591137436666005,-0.07268354894545156,0.7836196708821572,102.0
2025-12,0.061960402950099615,1.063566397169795,0.2532321425762471,1.2549891185704922,110.0
2025-13,-0.10298787972993993,0.9720403350344559,0.08257890744919624,1.0731651260171067,109.0
2025-14,-0.2194990112795312,0.9968999844604287,-0.011161895356265411,0.9344382651316142,106.0
2025-15,0.15196382904358452,1.1419305330285676,0.09526871097813763,1.268181804433683,83.0
2025-16,-0.31262385152602123,1.0639905143009571,0.15002349002639817,1.0775809996093861,63.0
2025-17,-0.051961703278185604,0.979731993632951,-0.036496257003684425,0.9779298031433081,167.0
2025-18,0.07365481558874858,1.1454603413236948,-0.09809639118663359,0.9790093444423982,90.0
2025-19,-0.04994424770899846,1.0417920668131053,0.12719397775789668,1.1649421690854063,109.0
2025-20,-0.20351929983656603,1.1213050878229929,0.11208880198657609,1.0846602853401113,139.0
2025-21,-0.01177879876665497,0.9060974275689625,-0.04585447973072965,0.8911649648511342,104.0
2025-22,0.08397741601885338,1.2330113799209657,0.2896722232492944,1.501037828629001,69.0
2025-23,-0.2179873934053781,1.1738307000674206,0.13038544645037034,1.1359131606407242,87.0
2025-24,-0.1335285901081872,1.20866846157612,0.07657525436028205,1.005118206653061,86.0
2025-25,-0.050964270078007044,0.9624072762597188,-0.05102827468766898,0.8266327251094284,87.0
2025-26,-0.324655129608259,1.1768119560355714,0.12089584854798724,1.1198894443637075,127.0
2025-27,-0.023839942698469545,1.012707313808487,-0.02950518362443755,0.8783083687625136,104.0
2025-28,0.03690263842831854,1.0658275084292759,-0.150121338100935,0.8795929366370512,119.0
2025-29,-0.10834869562097517,1.1776943580781212,0.08360208989644305,1.051171937372152,93.0
2025-30,-0.3022007986485372,1.1376238306073267,-0.006886085339666881,0.9706436684610509,95.0
2025-31,0.0555426768603115,1.1480026403212067,-0.03963779702953035,0.9424998297587756,87.0
2025-32,-0.1634846289312471,1.1296661402161965,0.16689252543400904,1.0549387790080826,76.0
2025-33,-0.04105277745015378,1.053752504578862,0.08936660592549364,1.081247315937372,76.0
2025-34,0.10336471241499295,1.119175920732935,0.016968338294904118,1.018569979391696,89.0
2025-35,-0.1230457540554854,1.1155547820569247,0.11590078312814557,0.9386168794734672,90.0
2025-36,-0.05891170490406043,0.9911641811979999,0.011306339031029677,0.9378061054819823,120.0
2025-37,-0.05053404276753284,1.0560837039009674,-0.14556419553951794,0.8018999735391903,90.0
2025-38,0.12411481750837039,0.9452453731352166,-0.07329771368924481,1.0901127513029436,65.0
2025-39,-0.026302355538912945,1.0788824334445344,-0.007189021702993006,1.0207715887859252,112.0
2025-40,-0.10910248701083122,1.0992794395157657,0.017272718419588554,1.050944797662753,86.0
2025-41,0.12045750638048525,0.8779971094998205,-0.15223574807146684,0.8386486014594898,62.0
2025-42,0.05156868534584762,1.0865924039838089,-0.11037751871936012,0.7713615581504449,80.0
2025-43,-0.10644053763469026,1.1527686988152785,-0.11552511041025179,0.805330174918337,84.0
2025-44,0.21564351306835242,1.1180225471414647,-0.022912087469402268,0.9280882388389499,84.0
2025-45,-0.017784988624840015,0.9770958099753818,-0.19777662575060262,0.6904779554948816,118.0
2025-46,0.10430788185803624,1.0919304723617758,-0.22244036354527963,0.8089624203173044,158.0
2025-47,-0.06907182966720653,1.123092149295927,-0.016970597198159094,0.8741790204674711,127.0
2025-48,-0.059375153099333514,1.0384798408273386,-0.12669732365553527,0.6937207569294213,108.0
2025-49,0.017069441850694558,0.9091458816633221,0.031226149439205198,0.989510584108483,96.0
2025-50,0.09231173968137288,0.9712142633233529,0.15157202347355495,1.0376108778081008,97.0
2025-51,0.011276867334364053,0.9170760278255553,0.1906779219809578,1.0839596589479916,127.0
2025-52,-0.1503491244463868,0.9397657894285187,-0.1997559894085742,0.6600313707877998,61.0
2026-00,0.07207952985387325,0.7957378503571698,0.12018386498240598,1.0352495357306444,64.0
2026-01,-0.028274066131044145,0.9984646974311245,-0.11086151057350023,0.8867311435307536,227.0
2026-02,-0.17317674056398247,0.9916390805127857,0.11981413313296042,1.028812864933363,214.0
2026-03,0.07049710555301197,1.0660960683186413,0.07556572214681347,1.037637177810005,133.0
2026-04,-0.09751375396232076,1.0227439226670918,0.132627007812715,0.9571653387999599,177.0
2026-05,-0.06663375352810319,1.0223698706081275,0.02325660456063444,0.9210162835967416,229.0
2026-06,-0.08339723873373454,0.913532318845343,0.12882419933559575,1.3146818216285665,163.0
2026-07,-0.1554028352249131,1.04995491281801,0.01470134301872301,0.9840747902931344,229.0
2026-08,0.09461880295835216,1.0226835759737118,0.015024837594310584,1.0222427772863725,133.0
2026-09,0.15963384134207564,1.0975271805973337,0.06975577183919504,0.9766252316871622,127.0
2026-10,0.05318283284685893,0.9937534476104903,-0.07493389529769127,0.962677557808212,123.0
2026-11,-0.02492276340024194,0.9994978603555412,-0.11074315170852796,0.8612094562638615,138.0
2026-12,0.0340866903776402,0.9835842763816556,0.002193152314389578,0.9070903110246884,172.0
2026-13,0.013521535881734676,1.0660995306300518,-0.12524377498822373,0.8555910011381389,130.0
2026-14,0.27735273176180186,0.8821824058585542,0.026612446494267982,1.0610781788891286,124.0
2026-15,0.0024088692377815185,0.9224685945349356,-0.16459964673080157,0.8077588946064732,109.0
2026-16,0.07866967983268366,0.9476106709434021,0.11320535453208513,1.13656567619661,118.0
2026-17,0.08116557058687378,1.0469043875106618,-0.1985259863491309,0.6410203374972991,99.0
2026-18,0.07304728848499045,0.898970169228687,-0.11760470588357655,0.9477653903218831,106.0
2026-19,0.09035212828075372,0.9512791742321465,0.006082329131517338,0.8736043289017178,112.0
2026-20,0.011908373789837556,0.9749605982254742,-0.15058957303968631,0.751343418205004,115.0
2026-21,-0.04271502692950245,0.9779101562486748,-0.08075914621164429,0.8635971701238239,138.0
2026-22,0.04566558604970323,0.8852592426717936,-0.061498907307945626,0.9968667252766398,99.0
2026-23,-0.3053016409925465,1.2357654039770696,-0.16468134088207856,0.9348053893898186,117.0
2026-24,0.0002167105401675463,1.050545345405753,-0.09812110218890643,0.871117433959153,103.0
2026-25,0.046303813180123166,0.989224623770598,0.1822523567679816,1.0330131755851109,79.0
2026-26,-0.1364394032141441,1.0408996615206427,0.07022207153088691,0.9441416714752121,98.0
2026-27,-0.34672182303372656,0.9921678817144499,-0.11826527270628054,0.8091639279321204,128.0
2026-28,-0.10545825575500277,0.8891389698843843,0.028309566477990673,1.065733032087981,95.0
2026-29,0.037715973721571254,0.9721931638109932,-0.08434208839867803,0.7497224023780378,102.0
2026-30,-0.04561931150694823,1.0452716031395646,-0.10303293702014353,0.8564142866212746,74.0
2026-31,0.19088864088257604,0.9501886412789667,-0.07796587163832203,0.8437496211896178,78.0
2026-32,-0.05541178819088438,1.0679071036245888,-0.029991452022025147,0.9820202434769132,94.0
2026-33,0.07405178055505823,0.969252488652104,-0.03715569224434204,0.9252195050973876,106.0
2026-34,0.02914230687414962,1.1673654182089892,0.05466838253873496,1.0298140019839752,68.0
2026-35,0.25467146067465324,0.9586954689829694,-0.12764456096517987,0.8646455619820778,96.0
2026-36,-0.0655710359647668,1.0953647677703302,-0.1348533985562094,0.7577163667314254,120.0
2026-37,0.05917192219087549,1.0952125202488374,-0.026879209002287314,1.0406606208926121,133.0
2026-38,0.13520339759448446,0.9898460973942738,0.15669542101178122,1.1396886825680388,43.0
2026-39,-0.030695282107122097,1.135759428477488,-0.0005172256346029237,0.9397063448849073,64.0
