keyword,sentiment_mean,sentiment_std,subjectivity_mean,subjectivity_std,counting
'Black Out',0.11855890203784764,0.9449776103118371,-0.15251715795444637,0.7992115096110217,55.0
'Blackout',-0.144826864576939,0.970082472469713,-0.1094421101201112,0.8744973351062467,1111.0
'Energiekosten',0.00834152810334043,0.9701052170091155,0.13980204613098596,1.0883557459051543,811.0
'Energiepauschale',0.11513087178046974,0.7857824289088506,0.08409515922057072,1.0724027897538144,169.0
'Gas',0.026164128320717277,0.9680339410016832,-0.0499817922264205,0.9655968010431512,3963.0
'Glatteis',-0.1765673742337241,0.9686049651066722,-0.033943251885273126,0.9241213572720469,1007.0
'Heizkosten',0.13309377935580488,0.9222733337598658,0.2608665235054134,1.1608528283815334,681.0
'Hochwasser',-0.04612385872141365,0.9215718885988965,-0.017842958857509746,0.996368200175007,2544.0
'Kinder',-0.11023147526314406,1.11551930564266,0.012665829851778403,1.0161983142439843,5788.0
'Kohle',0.05015454668734354,0.8934714771669378,0.07704718525846056,1.0959574371010181,1510.0
'Kälte',0.010940215664814415,0.9992056562756936,-0.04036181414593167,0.9469598265614341,1164.0
'Rohöl',0.247455539067537,0.8174981605478715,-0.12772152961365224,0.825088877838878,145.0
'Schimmel',0.022108407444299608,1.0641512759235143,-0.15775213370404717,0.7975653944257449,628.0
'Schnee',0.04494473936527775,0.9200119913155347,-0.003629171409787944,0.9850439872083347,2627.0
'Spritpreise',0.20042755624355066,0.9389509490978722,-0.10440459774417697,0.8563727860906462,615.0
'Winter',0.14589120869532657,0.9733513386988119,-0.0023334938795205903,0.9733202779326623,3532.0
'ältere Menschen',-0.042334817229438534,1.0459442237706507,0.27126799897017134,1.2327646393816973,591.0
