domain,sentiment_mean,sentiment_std,subjectivity_mean,subjectivity_std,counting
www.zeit.de,-0.018729196408332288,0.21581917435957368,0.04462763533371086,0.10828207551356446,7308.0
www.stern.de,-0.028901275449535437,0.24745972711889344,0.06899778055208768,0.13787019565511086,3204.0
www.faz.net,0.008256124527774156,0.22656561283346127,0.06616865909029453,0.11325898893583179,1761.0
www.bild.de,0.012347092315801033,0.23750207181978655,0.05813897848078826,0.10910391932583335,1514.0
www.focus.de,0.011538699155501046,0.25358595382061366,0.09528293983331171,0.13969883152513105,1479.0
www.tagesspiegel.de,0.016498365224774273,0.22015398340218564,0.0707057090361958,0.11405403881073825,1171.0
www.welt.de,0.026253602275341403,0.24113209612763903,0.06854661312922182,0.11836132226148299,1150.0
www.n-tv.de,0.020015820073029066,0.2565704479622633,0.06481300947240101,0.13077401127035035,1134.0
www.tagesschau.de,-0.014686430687221828,0.2260769933055211,0.09362663707600416,0.16079099493171609,948.0
www.morgenpost.de,0.022929396953053162,0.20213605351582023,0.07061344258992636,0.11581563695777991,893.0
www.sueddeutsche.de,0.03778019856917864,0.25138271318201255,0.07813557193099982,0.1392111145076618,853.0
www.diepresse.com,0.021705387410242607,0.24297283141996082,0.0673913907091079,0.12876732890933773,587.0
www.nzz.ch,0.023823523914197484,0.20653491527507054,0.07746885023439427,0.1163321825020107,386.0
taz.de,0.012455273069679846,0.22139851112224299,0.13305701282396198,0.16118452500484481,354.0
orf.at,0.0165547263681592,0.234786712052707,0.06258291873963516,0.13501256956399388,268.0
www.handelsblatt.com,0.05438021519543258,0.19247158190435998,0.06115534224229876,0.11271979807883381,253.0
www.spiegel.de,0.04542050979550979,0.19572749339821768,0.09429179179179178,0.12463429592011867,222.0
www.brigitte.de,0.13035051816869997,0.24104421276924695,0.059262806637806635,0.11472108189521645,220.0
www.telepolis.de,-0.009982714771362115,0.20545519278556243,0.05152979066022544,0.1201874455990424,207.0
www.golem.de,0.08281264675495444,0.10747813532103405,0.011573682727528881,0.037415187028774,169.0
www.wiwo.de,0.017367470492470487,0.20049875612299764,0.07575422262922263,0.11028490418108661,156.0
noe.orf.at,0.04386700913242009,0.20134931502713418,0.08819716242661449,0.12631109966665763,146.0
www.dw.com,0.02323574368018812,0.18963730973551293,0.08886243386243386,0.14791402513264176,135.0
www.kicker.de,0.0486912114476217,0.22978416920084685,0.050273681683938094,0.10873489179258046,117.0
vorarlberg.orf.at,0.02099284158107687,0.19830197829969834,0.07344849050731403,0.13501918248222156,102.0
kaernten.orf.at,0.024796296296296295,0.17450973483515958,0.08175705467372134,0.13869185991882588,90.0
consent.google.com,-0.00045915032679738426,0.4225900153481472,0.06254901960784313,0.19151401585662087,85.0
steiermark.orf.at,0.05691562736205593,0.2365461572121378,0.09412320483749055,0.14186835718978413,84.0
stadt-bremerhaven.de,0.1184738955823293,0.28712087112477974,0.0520223752151463,0.1292707910221833,83.0
ooe.orf.at,0.0414471879286694,0.21912817148169658,0.10360866157162453,0.14330971746775728,81.0
salzburg.orf.at,0.013690972222222219,0.1706320853007668,0.11204166666666666,0.15075058233290675,80.0
www.jungewelt.de,0.00403305203938115,0.2218268859556369,0.047784810126582276,0.10811704955503676,79.0
wien.orf.at,0.05711448140900196,0.18105432753316528,0.08068493150684931,0.15860607115481704,73.0
www.autobild.de,0.21190911067623394,0.256085018078397,0.044417264622744076,0.10618176312245924,73.0
www.gamestar.de,0.17974245472837022,0.249786047237578,0.06077576570534317,0.10220217317681152,71.0
t3n.de,0.15716808390022677,0.2520047464778407,0.06859977324263039,0.1194640351757274,70.0
www.kino.de,0.17083207357016883,0.2580284274326871,0.037037037037037035,0.09902954034334048,63.0
tirol.orf.at,0.0681611514662362,0.21027686513886532,0.0756456820016142,0.11587802759031764,59.0
www.freitag.de,0.023959203564466718,0.20511597147635646,0.07605472013366751,0.12521993414505098,57.0
burgenland.orf.at,0.04763784461152882,0.16771071915721683,0.08890977443609023,0.12650678291218212,57.0
www.spektrum.de,0.09967380952380951,0.19868571794074324,0.10219047619047618,0.14312967202028246,50.0
www.fitforfun.de,0.12598237356958286,0.21841645361041756,0.055772425249169436,0.06972149160711572,43.0
www.basicthinking.de,0.12080332946186603,0.18868449341667928,0.050271002710027095,0.11698148994412337,41.0
www.transfermarkt.de,0.01732936507936508,0.3020330607362808,0.018367346938775512,0.06384737847360944,35.0
www.heise.de,0.031372549019607836,0.22528749705206844,0.08315826330532214,0.1334183828522999,34.0
www.urlaubspiraten.de,0.19139784946236557,0.25879281602249055,0.06935483870967742,0.1318034995175231,31.0
science.orf.at,0.056517515051997806,0.19504273199161762,0.09549808429118774,0.16648537394034918,29.0
www.pcgames.de,0.07984523809523808,0.1969988686558902,0.06728937728937728,0.07880508049402198,26.0
futurezone.at,0.1086559274059274,0.3208155509280052,0.04222444222444222,0.14154555884926387,26.0
www.teltarif.de,0.13128809523809523,0.22837073623591583,0.0960952380952381,0.11933225892294297,25.0
www.computerbase.de,0.12219761904761904,0.258917286699905,0.037047619047619045,0.08463853157969331,25.0
www.businessinsider.de,0.09066190476190476,0.22761835514522413,0.03133333333333333,0.07458527309705959,25.0
oe3.orf.at,0.01983333333333333,0.3272033573132113,0.114,0.1957700843487736,25.0
www.horizont.net,0.052800207039337466,0.2500001851925855,0.058695652173913045,0.14134272814127716,23.0
www.dealdoktor.de,0.09435827430145612,0.21228866669045962,0.048728354978354975,0.09366477796136798,22.0
hallespektrum.de,0.02341269841269841,0.36697542916177045,0.05257936507936507,0.114416364639655,21.0
www.kino-zeit.de,0.20696097883597883,0.27247327888285605,0.07149470899470899,0.1395810583583771,18.0
www.dwdl.de,0.11115740740740739,0.2627514573519917,0.021388888888888888,0.06641681120362161,18.0
sport.orf.at,0.10748456790123456,0.18731026401574566,0.043209876543209874,0.07269966759679121,18.0
www.der-postillon.com,-0.005392156862745095,0.3084169189560769,0.14464985994397758,0.147606809152028,17.0
www.derstandard.at,0.2841666666666667,0.23047429960361693,0.011764705882352941,0.04850712500726661,17.0
de.rt.com,-0.04967320261437908,0.15224123700474496,0.020588235294117647,0.06388178420286317,17.0
praxistipps.chip.de,0.16364021164021164,0.29421726306591434,0.13984126984126985,0.05769094200981193,15.0
www.t-online.de,0.025952380952380956,0.21233335777252432,0.044642857142857144,0.11609784145800812,14.0
sz-magazin.sueddeutsche.de,0.14476495726495725,0.15016691014396025,0.07600732600732601,0.10693304650423291,13.0
www.googlewatchblog.de,0.3557692307692308,0.23150035535591415,0.1330128205128205,0.2510882652605791,13.0
www.iphone-ticker.de,0.12923076923076923,0.2614264780369491,0.02467948717948718,0.06124814666653572,13.0
www.visions.de,-0.057820512820512815,0.18343353904851548,0.01282051282051282,0.046225016352102424,13.0
www.ibiza-heute.de,0.19205128205128205,0.3739863793854156,0.010989010989010988,0.03962144258751636,13.0
www.appgefahren.de,0.13084554334554335,0.290485271322325,0.059829059829059825,0.09392295695065811,13.0
www.perlentaucher.de,0.1117948717948718,0.2691294363127684,0.10448717948717949,0.15540476513170703,13.0
www.deutsche-startups.de,0.05486111111111111,0.09343732932711908,0.03472222222222222,0.0830170766579685,12.0
scilogs.spektrum.de,0.048511904761904756,0.2027265444013118,0.13227513227513227,0.1713033765141956,12.0
www.mobiflip.de,0.066875,0.23410158294288322,0.07291666666666667,0.1881302538781108,12.0
www.merkur.de,0.09652777777777777,0.4088425756736958,0.020833333333333332,0.07216878364870322,12.0
netzpolitik.org,0.045075757575757575,0.192874619084183,0.09924242424242426,0.18304729752529297,11.0
www.ndr.de,0.006666666666666659,0.3827328630317032,0.07575757575757576,0.251259453814803,11.0
versicherungswirtschaft-heute.de,-0.18916666666666665,0.2706968887068257,0.01515151515151515,0.050251890762960605,11.0
de.catholicnewsagency.com,0.07561728395061729,0.3120908672932834,0.14166666666666666,0.19605483926697653,9.0
11freunde.de,-0.053862433862433855,0.19878435033731262,0.02486772486772487,0.05643298042740056,9.0
rivva.de,0.0998148148148148,0.12374493380326852,0.05555555555555555,0.16666666666666669,9.0
oesterreich.orf.at,0.09241071428571428,0.2641814600248505,0.05555555555555555,0.11878277418329973,8.0
www.chip.de,0.163125,0.1859087237636485,0.09375,0.12938729237669142,8.0
www.prnewswire.com,0.0875,0.2474873734152916,0.0,0.0,8.0
www.rtl.de,-0.08380208333333333,0.31516651537825935,0.0390625,0.08799287207333494,8.0
www.manager-magazin.de,0.04239583333333333,0.10277444626732636,0.13229166666666667,0.13688988014354564,8.0
www.rbb24.de,0.0819047619047619,0.3423778892504874,0.0,0.0,7.0
fm4.orf.at,0.09510204081632653,0.16468245499000636,0.014285714285714287,0.03779644730092273,7.0
snipz.de,0.14053571428571426,0.3464765365938261,0.0,0.0,7.0
help.orf.at,0.0003061224489795826,0.15292127136515588,0.18095238095238095,0.22779713429175175,7.0
www.swr.de,0.03912698412698413,0.13810727916853202,0.07103174603174603,0.08611568271092061,6.0
www.kraftfuttermischwerk.de,0.0913888888888889,0.3767115263355689,0.03333333333333333,0.08164965809277261,6.0
www.mdr.de,0.10138888888888888,0.21031832135193615,0.027777777777777776,0.06804138174397717,6.0
www.giga.de,0.20277777777777775,0.1716380774467881,0.049999999999999996,0.1224744871391589,6.0
www1.wdr.de,-0.0272222222222222,0.39241937128913873,0.0,0.0,6.0
web.de,0.10499999999999998,0.37802116342871595,0.016666666666666666,0.040824829046386304,6.0
www.waz.de,0.22980952380952382,0.35515839141599526,0.0,0.0,5.0
www.bvb.de,0.10400000000000001,0.20221894075481653,0.06666666666666667,0.14907119849998596,5.0
www.wissenschaft.de,0.04388888888888889,0.19537870791407347,0.15,0.22360679774997896,5.0
www.discountfan.de,0.048333333333333325,0.15903353943953666,0.0,0.0,5.0
www.gameswelt.de,0.25375000000000003,0.32335158883172355,0.0625,0.125,4.0
www.apfelpage.de,0.09166666666666666,0.16859989894992797,0.07142857142857142,0.14285714285714285,4.0
www.shopblogger.de,0.0,0.0,0.125,0.14433756729740643,4.0
www.infranken.de,-0.48104166666666665,0.28381117793741356,0.07083333333333333,0.09464847243000456,4.0
www.br.de,0.0875,0.11169982923823944,0.08333333333333333,0.09622504486493763,4.0
de.euronews.com,0.06874999999999999,0.1351225438328181,0.041666666666666664,0.08333333333333333,4.0
www.macerkopf.de,0.209375,0.2124693605362116,0.0,0.0,4.0
www.photoscala.de,0.17708333333333334,0.5534142762082589,0.0,0.0,4.0
laut.de,-0.07055555555555555,0.17230822225532394,0.0,0.0,4.0
www.zdnet.de,0.11437499999999999,0.09721914677675379,0.025,0.05,4.0
rp-online.de,0.07777777777777777,0.13471506281091267,0.0,0.0,3.0
www.politico.eu,0.38499999999999995,0.12619429464123963,0.0,0.0,3.0
feed.laut.de,0.14166666666666666,0.12829003598617209,0.0,0.0,3.0
www.rnd.de,0.03055555555555554,0.4216644707891879,0.041666666666666664,0.07216878364870323,3.0
excitingcommerce.de,0.09722222222222221,0.08910563851303022,0.05555555555555555,0.09622504486493763,3.0
weather.com,-0.15777777777777777,0.13421927884925774,0.125,0.21650635094610965,3.0
nerdcore.de,0.06666666666666667,0.11547005383792514,0.0,0.0,3.0
www.lawblog.de,0.038095238095238085,0.14661718398419668,0.0,0.0,3.0
'Energiekosten',0.0,0.0,0.0,0.0,3.0
www.maclife.de,0.2816666666666666,0.3024517867914377,0.020833333333333332,0.036084391824351615,3.0
'Gas',0.0,0.0,0.0,0.0,3.0
'Hochwasser',0.0,0.0,0.0,0.0,3.0
bildblog.de,-0.1125,0.10231690964840565,0.0,0.0,3.0
www.titanic-magazin.de,0.1876984126984127,0.2055229949084287,0.023809523809523808,0.041239304942116126,3.0
'Winter',0.0,0.0,0.0,0.0,3.0
www.fr.de,-0.45,0.507444578254611,0.0,0.0,3.0
www.derstandard.de,0.18888888888888888,0.06735753140545635,0.16666666666666666,0.2886751345948129,3.0
www.globenewswire.com,0.27777777777777773,0.3024590575292489,0.0,0.0,3.0
www.bz-berlin.de,-0.11222222222222222,0.19091398101801801,0.0,0.0,3.0
curved.de,0.06999999999999999,0.24041630560342614,0.09,0.014142135623730958,2.0
'Kinder',0.0,0.0,0.0,0.0,2.0
nachbelichtet.com,0.26666666666666666,0.09428090415820632,0.0,0.0,2.0
gentleman-blog.de,-0.11666666666666665,0.1649915822768611,0.0,0.0,2.0
www.whudat.de,0.0,0.0,0.0,0.0,2.0
www.watson.de,-0.3333333333333333,0.0,0.0,0.0,2.0
frische-brise.blogspot.com,0.04375000000000001,0.4154252339470967,0.0,0.0,2.0
www.voltairenet.org,0.6166666666666667,0.5421151989096865,0.0,0.0,2.0
www.vital.de,0.14895833333333333,0.04566731295163119,0.041666666666666664,0.05892556509887896,2.0
www.rostock-heute.de,0.11666666666666665,0.1649915822768611,0.16666666666666666,0.23570226039551584,2.0
www.sistrix.de,0.24,0.056568542494923775,0.0,0.0,2.0
efahrer.chip.de,-0.27125,0.012374368670764612,0.0,0.0,2.0
biztoc.com,0.14285714285714285,0.20203050891044214,0.0,0.0,2.0
www.computerbild.de,0.09166666666666667,0.16499158227686112,0.0,0.0,2.0
winfuture.de,0.225,0.31819805153394637,0.0,0.0,2.0
www.capital.de,0.006249999999999992,0.008838834764831832,0.08333333333333333,0.11785113019775792,2.0
www.ifun.de,0.4458333333333333,0.07660323462854263,0.041666666666666664,0.05892556509887896,2.0
spielverlagerung.de,0.09166666666666667,0.20034692133618845,0.06666666666666667,0.01885618083164127,2.0
www.kreiszeitung.de,0.0,0.0,0.16666666666666666,0.23570226039551584,2.0
www.berliner-zeitung.de,0.019285714285714288,0.057578695039476026,0.0,0.0,2.0
shop.zeit.de,-0.06000000000000001,0.08485281374238572,0.0,0.0,2.0
www.china-gadgets.de,0.18999999999999997,0.12727922061357852,0.0,0.0,2.0
www.cio.de,0.05833333333333333,0.08249579113843054,0.0,0.0,2.0
bleacherreport.com,0.0,1.0,0.0,1.0,1.0
www.agrarheute.com,0.0,1.0,0.0,1.0,1.0
www.trendyone.de,0.0,1.0,0.0,1.0,1.0
www.fuldaerzeitung.de,0.0,1.0,0.0,1.0,1.0
www.tageskarte.io,0.0,1.0,0.0,1.0,1.0
'ältere Menschen',0.0,1.0,0.0,1.0,1.0
bnn.de,0.0,1.0,0.0,1.0,1.0
consent.yahoo.com,0.0,1.0,0.0,1.0,1.0
www.audi.com,0.0,1.0,0.0,1.0,1.0
www.franzis.de,0.0,1.0,0.0,1.0,1.0
www.lobbycontrol.de,0.0,1.0,0.0,1.0,1.0
www.upsocl.com,0.0,1.0,0.0,1.0,1.0
www.tz.de,0.0,1.0,0.0,1.0,1.0
www.aachener-zeitung.de,0.0,1.0,0.0,1.0,1.0
'Spritpreise',0.0,1.0,0.0,1.0,1.0
'Kälte',0.0,1.0,0.0,1.0,1.0
www.badische-zeitung.de,0.0,1.0,0.0,1.0,1.0
www.wa.de,0.0,1.0,0.0,1.0,1.0
www.finanzen.net,0.0,1.0,0.0,1.0,1.0
www.echo24.de,0.0,1.0,0.0,1.0,1.0
'Energiepauschale',0.0,1.0,0.0,1.0,1.0
www.wz.de,0.0,1.0,0.0,1.0,1.0
www.come-on.de,0.0,1.0,0.0,1.0,1.0
www.dailymotion.com,0.0,1.0,0.0,1.0,1.0
www.gofeminin.de,0.0,1.0,0.0,1.0,1.0
www.24vita.de,0.0,1.0,0.0,1.0,1.0
www.sr.de,0.0,1.0,0.0,1.0,1.0
www.sport1.de,0.0,1.0,0.0,1.0,1.0
omr.podigee.io,0.0,1.0,0.0,1.0,1.0
news.samsung.com,0.0,1.0,0.0,1.0,1.0
neusprech.org,0.0,1.0,0.0,1.0,1.0
www.laut.de,0.0,1.0,0.0,1.0,1.0
www.krone.at,0.0,1.0,0.0,1.0,1.0
www.computerwoche.de,0.0,1.0,0.0,1.0,1.0
meedia.de,0.0,1.0,0.0,1.0,1.0
learngerman.dw.com,0.0,1.0,0.0,1.0,1.0
www.nordbayern.de,0.0,1.0,0.0,1.0,1.0
www.notesofberlin.com,0.0,1.0,0.0,1.0,1.0
www.nubero.ch,0.0,1.0,0.0,1.0,1.0
hsv24.mopo.de,0.0,1.0,0.0,1.0,1.0
pypi.org,0.0,1.0,0.0,1.0,1.0
reportage.wdr.de,0.0,1.0,0.0,1.0,1.0
rlsbb.cc,0.0,1.0,0.0,1.0,1.0
www.presseportal.de,0.0,1.0,0.0,1.0,1.0
www.iphoneblog.de,0.0,1.0,0.0,1.0,1.0
www.rezeptwelt.de,0.0,1.0,0.0,1.0,1.0
slashdot.org,0.0,1.0,0.0,1.0,1.0
www.schwaebische.de,0.0,1.0,0.0,1.0,1.0
www.heilpraxisnet.de,0.0,1.0,0.0,1.0,1.0
www.skispringen.com,0.0,1.0,0.0,1.0,1.0
www.smarter-service.com,0.0,1.0,0.0,1.0,1.0
etailment.de,0.0,1.0,0.0,1.0,1.0
www.linux-magazin.de,0.0,1.0,0.0,1.0,1.0
www.msn.com,0.0,1.0,0.0,1.0,1.0
